1,0,P00001,company,nobody/nUser/cUser,no,,,0,,"<!--# syscode setTitle â^âcâÔé–Åb (!--# code getData system ADMIN site_title #--) #-->
<!--# syscode setDescription Åu(!--# code getData system ADMIN site_title #--)ÅvÇÃâ^âcâÔé–èÓïÒÇ≈Ç∑ÅB #-->
<!--ÉwÉbÉ_Å[Çï\é¶-->
<!--# include head #-->
<div id=""contents"">
<div class=""contents_inline c1 clearfix"">
<div class=""contents_m"">
<!--äÓñ{ìIÇ…Ç±Ç±à»â∫Çï“èW-->

<h2>â^âcâÔé–</h2>
<div class=""main"">
	<div class=""page_text"">
	
		<div class=""info_table"">
			<table>
				<tr>
					<th style=""width:25%;"">âÔé–ñº</th>
					<td>ÅZÅZÅZÅZ</td>
				</tr>
				<tr>
					<th>èZèä</th>
					<td>ÅZÅZÅZÅZ</td>
				</tr>
				<tr>
					<th>ê›óß</th>
					<td>ÅZÅZÅZÅZ</td>
				</tr>
				<tr>
					<th>éëñ{ã‡</th>
					<td>ÅZÅZÅZÅZ</td>
				</tr>
				<tr>
					<th>ë„ï\éÊí˜ñ</th>
					<td>ÅZÅZÅZÅZ</td>
				</tr>
				<tr>
					<th>éñã∆ì‡óe</th>
					<td>
						ÅZÅZÅZÅZ
					</td>
				</tr>
			</table>
		</div><!--info_table-->
	
	</div><!--page_text END-->
</div><!--main END-->

<!--äÓñ{ìIÇ…Ç±Ç±Ç‹Ç≈Çï“èW-->

</div><!--contents_m END-->

</div><!--contents_inline END-->
</div><!--contents END-->

<!--# include foot #-->
",,"<!--# syscode setTitle â^âcâÔé–Åb (!--# code getData system ADMIN site_title #--) #-->
<!--# syscode setDescription Åu(!--# code getData system ADMIN site_title #--)ÅvÇÃâ^âcâÔé–èÓïÒÇ≈Ç∑ÅB #-->
<!--ÉwÉbÉ_Å[Çï\é¶-->
<!--# include head #-->
<div id=""contents"">
<!--äÓñ{ìIÇ…Ç±Ç±à»â∫Çï“èW-->

<h2>â^âcâÔé–</h2>
<div class=""main"">
	<div class=""page_text"">
	
		<div class=""info_table"">
			<table>
				<tr>
					<th style=""width:25%;"">âÔé–ñº</th>
					<td>ÅZÅZÅZÅZ</td>
				</tr>
				<tr>
					<th>èZèä</th>
					<td>ÅZÅZÅZÅZ</td>
				</tr>
				<tr>
					<th>ê›óß</th>
					<td>ÅZÅZÅZÅZ</td>
				</tr>
				<tr>
					<th>éëñ{ã‡</th>
					<td>ÅZÅZÅZÅZ</td>
				</tr>
				<tr>
					<th>ë„ï\éÊí˜ñ</th>
					<td>ÅZÅZÅZÅZ</td>
				</tr>
				<tr>
					<th>éñã∆ì‡óe</th>
					<td>
						ÅZÅZÅZÅZ
					</td>
				</tr>
			</table>
		</div><!--info_table-->
	
	</div><!--page_text END-->
</div><!--main END-->

<!--äÓñ{ìIÇ…Ç±Ç±Ç‹Ç≈Çï“èW-->
</div><!--contents END-->

<!--# include foot #-->
",1,1529630390,,,
2,0,P00002,membership,nobody/nUser/cUser,no,,,0,,"<!--# syscode setTitle Ç≤óòópãKñÒÅb (!--# code getData system ADMIN site_title #--) #-->
<!--# syscode setDescription Åu(!--# code getData system ADMIN site_title #--)ÅvÇÃóòópãKñÒÇÇ≤ämîFÇ≠ÇæÇ≥Ç¢ÅB #-->
<!--ÉwÉbÉ_Å[Çï\é¶-->
<!--# include head #-->
<div id=""contents"">
<div class=""contents_inline c1 clearfix"">
<div class=""contents_m"">
<!--äÓñ{ìIÇ…Ç±Ç±à»â∫Çï“èW-->

<h2>Ç≤óòópãKñÒ</h2>
<div class=""main"">
	<div class=""page_text kiyaku_page"">
		<p>ÅZÅZÅZÅZÅ@ÅZÅZÅZÅZÅ@ÅZÅZÅZÅZÅ@ÅZÅZÅZÅZÅZÅZÅZÅZÅ@ÅZÅZÅZÅZÅ@ÅZÅZÅZÅZÅ@ÅZÅZÅZÅZÅ@ÅZÅZÅZÅZÅZÅZÅZÅZ</p>

		<h3>ëÊÇPè</h3>
		<ol>
			<li>ÅZÅZÅZÅZÅ@ÅZÅZÅZÅZÅ@ÅZÅZÅZÅZÅ@ÅZÅZÅZÅZÅZÅZÅZÅZ</li>
			<li>ÅZÅZÅZÅZÅ@ÅZÅZÅZÅZÅ@ÅZÅZÅZÅZÅ@ÅZÅZÅZÅZÅZÅZÅZÅZ</li>
			<li>ÅZÅZÅZÅZÅ@ÅZÅZÅZÅZÅ@ÅZÅZÅZÅZÅ@ÅZÅZÅZÅZÅZÅZÅZÅZ</li>
			<li>ÅZÅZÅZÅZÅ@ÅZÅZÅZÅZÅ@ÅZÅZÅZÅZÅ@ÅZÅZÅZÅZÅZÅZÅZÅZ</li>
		</ol>

		<h3>ëÊÇQè</h3>
		<ol>
			<li>ÅZÅZÅZÅZÅ@ÅZÅZÅZÅZÅ@ÅZÅZÅZÅZÅ@ÅZÅZÅZÅZÅZÅZÅZÅZ</li>
			<li>ÅZÅZÅZÅZÅ@ÅZÅZÅZÅZÅ@ÅZÅZÅZÅZÅ@ÅZÅZÅZÅZÅZÅZÅZÅZ</li>
			<li>ÅZÅZÅZÅZÅ@ÅZÅZÅZÅZÅ@ÅZÅZÅZÅZÅ@ÅZÅZÅZÅZÅZÅZÅZÅZ</li>
			<li>ÅZÅZÅZÅZÅ@ÅZÅZÅZÅZÅ@ÅZÅZÅZÅZÅ@ÅZÅZÅZÅZÅZÅZÅZÅZ</li>
		</ol>

		<h3>ëÊÇRè</h3>
		<ol>
			<li>ÅZÅZÅZÅZÅ@ÅZÅZÅZÅZÅ@ÅZÅZÅZÅZÅ@ÅZÅZÅZÅZÅZÅZÅZÅZ</li>
			<li>ÅZÅZÅZÅZÅ@ÅZÅZÅZÅZÅ@ÅZÅZÅZÅZÅ@ÅZÅZÅZÅZÅZÅZÅZÅZ</li>
			<li>ÅZÅZÅZÅZÅ@ÅZÅZÅZÅZÅ@ÅZÅZÅZÅZÅ@ÅZÅZÅZÅZÅZÅZÅZÅZ</li>
			<li>ÅZÅZÅZÅZÅ@ÅZÅZÅZÅZÅ@ÅZÅZÅZÅZÅ@ÅZÅZÅZÅZÅZÅZÅZÅZ</li>
		</ol>

		<h3>ëÊÇSè</h3>
		<ol>
			<li>ÅZÅZÅZÅZÅ@ÅZÅZÅZÅZÅ@ÅZÅZÅZÅZÅ@ÅZÅZÅZÅZÅZÅZÅZÅZ</li>
			<li>ÅZÅZÅZÅZÅ@ÅZÅZÅZÅZÅ@ÅZÅZÅZÅZÅ@ÅZÅZÅZÅZÅZÅZÅZÅZ</li>
			<li>ÅZÅZÅZÅZÅ@ÅZÅZÅZÅZÅ@ÅZÅZÅZÅZÅ@ÅZÅZÅZÅZÅZÅZÅZÅZ</li>
			<li>ÅZÅZÅZÅZÅ@ÅZÅZÅZÅZÅ@ÅZÅZÅZÅZÅ@ÅZÅZÅZÅZÅZÅZÅZÅZ</li>
		</ol>

		<h3>ëÊÇTè</h3>
		<ol>
			<li>ÅZÅZÅZÅZÅ@ÅZÅZÅZÅZÅ@ÅZÅZÅZÅZÅ@ÅZÅZÅZÅZÅZÅZÅZÅZ</li>
			<li>ÅZÅZÅZÅZÅ@ÅZÅZÅZÅZÅ@ÅZÅZÅZÅZÅ@ÅZÅZÅZÅZÅZÅZÅZÅZ</li>
			<li>ÅZÅZÅZÅZÅ@ÅZÅZÅZÅZÅ@ÅZÅZÅZÅZÅ@ÅZÅZÅZÅZÅZÅZÅZÅZ</li>
			<li>ÅZÅZÅZÅZÅ@ÅZÅZÅZÅZÅ@ÅZÅZÅZÅZÅ@ÅZÅZÅZÅZÅZÅZÅZÅZ</li>
		</ol>

		<h3>ëÊÇUè</h3>
		<ol>
			<li>ÅZÅZÅZÅZÅ@ÅZÅZÅZÅZÅ@ÅZÅZÅZÅZÅ@ÅZÅZÅZÅZÅZÅZÅZÅZ</li>
			<li>ÅZÅZÅZÅZÅ@ÅZÅZÅZÅZÅ@ÅZÅZÅZÅZÅ@ÅZÅZÅZÅZÅZÅZÅZÅZ</li>
			<li><p>ÅZÅZÅZÅZÅ@ÅZÅZÅZÅZÅ@ÅZÅZÅZÅZÅ@ÅZÅZÅZÅZÅZÅZÅZÅZ</p>
				<p>
					(1)ÅZÅZÅZÅZÅ@ÅZÅZÅZÅZÅ@ÅZÅZÅZÅZÅ@ÅZÅZÅZÅZÅZÅZÅZÅZ<br>
					(2)ÅZÅZÅZÅZÅ@ÅZÅZÅZÅZÅ@ÅZÅZÅZÅZÅ@ÅZÅZÅZÅZÅZÅZÅZÅZ<br>
					(3)ÅZÅZÅZÅZÅ@ÅZÅZÅZÅZÅ@ÅZÅZÅZÅZÅ@ÅZÅZÅZÅZÅZÅZÅZÅZ<br>
					(4)ÅZÅZÅZÅZÅ@ÅZÅZÅZÅZÅ@ÅZÅZÅZÅZÅ@ÅZÅZÅZÅZÅZÅZÅZÅZ<br>
					(5)ÅZÅZÅZÅZÅ@ÅZÅZÅZÅZÅ@ÅZÅZÅZÅZÅ@ÅZÅZÅZÅZÅZÅZÅZÅZ
				</p>
			</li>
			<li>ÅZÅZÅZÅZÅ@ÅZÅZÅZÅZÅ@ÅZÅZÅZÅZÅ@ÅZÅZÅZÅZÅZÅZÅZÅZ</li>
		</ol>

		<p>ÅZÅZÅZÅZÅ@ÅZÅZÅZÅZ</p>

	</div><!--page_text END-->
</div><!--main END-->

<!--äÓñ{ìIÇ…Ç±Ç±Ç‹Ç≈Çï“èW-->
</div><!--contents_m END-->

</div><!--contents_inline END-->
</div><!--contents END-->

<!--# include foot #-->
",,"<!--# syscode setTitle Ç≤óòópãKñÒÅb (!--# code getData system ADMIN site_title #--) #-->
<!--# syscode setDescription Åu(!--# code getData system ADMIN site_title #--)ÅvÇÃóòópãKñÒÇÇ≤ämîFÇ≠ÇæÇ≥Ç¢ÅB #-->
<!--ÉwÉbÉ_Å[Çï\é¶-->
<!--# include head #-->
<div id=""contents"">
<!--äÓñ{ìIÇ…Ç±Ç±à»â∫Çï“èW-->

<h2>Ç≤óòópãKñÒ</h2>
<div class=""main"">
	<div class=""page_text kiyaku_page"">
		<p>ÅZÅZÅZÅZÅ@ÅZÅZÅZÅZÅ@ÅZÅZÅZÅZÅ@ÅZÅZÅZÅZÅZÅZÅZÅZÅ@ÅZÅZÅZÅZÅ@ÅZÅZÅZÅZÅ@ÅZÅZÅZÅZÅ@ÅZÅZÅZÅZÅZÅZÅZÅZ</p>

		<h3>ëÊÇPè</h3>
		<ol>
			<li>ÅZÅZÅZÅZÅ@ÅZÅZÅZÅZÅ@ÅZÅZÅZÅZÅ@ÅZÅZÅZÅZÅZÅZÅZÅZ</li>
			<li>ÅZÅZÅZÅZÅ@ÅZÅZÅZÅZÅ@ÅZÅZÅZÅZÅ@ÅZÅZÅZÅZÅZÅZÅZÅZ</li>
			<li>ÅZÅZÅZÅZÅ@ÅZÅZÅZÅZÅ@ÅZÅZÅZÅZÅ@ÅZÅZÅZÅZÅZÅZÅZÅZ</li>
			<li>ÅZÅZÅZÅZÅ@ÅZÅZÅZÅZÅ@ÅZÅZÅZÅZÅ@ÅZÅZÅZÅZÅZÅZÅZÅZ</li>
		</ol>

		<h3>ëÊÇQè</h3>
		<ol>
			<li>ÅZÅZÅZÅZÅ@ÅZÅZÅZÅZÅ@ÅZÅZÅZÅZÅ@ÅZÅZÅZÅZÅZÅZÅZÅZ</li>
			<li>ÅZÅZÅZÅZÅ@ÅZÅZÅZÅZÅ@ÅZÅZÅZÅZÅ@ÅZÅZÅZÅZÅZÅZÅZÅZ</li>
			<li>ÅZÅZÅZÅZÅ@ÅZÅZÅZÅZÅ@ÅZÅZÅZÅZÅ@ÅZÅZÅZÅZÅZÅZÅZÅZ</li>
			<li>ÅZÅZÅZÅZÅ@ÅZÅZÅZÅZÅ@ÅZÅZÅZÅZÅ@ÅZÅZÅZÅZÅZÅZÅZÅZ</li>
		</ol>

		<h3>ëÊÇRè</h3>
		<ol>
			<li>ÅZÅZÅZÅZÅ@ÅZÅZÅZÅZÅ@ÅZÅZÅZÅZÅ@ÅZÅZÅZÅZÅZÅZÅZÅZ</li>
			<li>ÅZÅZÅZÅZÅ@ÅZÅZÅZÅZÅ@ÅZÅZÅZÅZÅ@ÅZÅZÅZÅZÅZÅZÅZÅZ</li>
			<li>ÅZÅZÅZÅZÅ@ÅZÅZÅZÅZÅ@ÅZÅZÅZÅZÅ@ÅZÅZÅZÅZÅZÅZÅZÅZ</li>
			<li>ÅZÅZÅZÅZÅ@ÅZÅZÅZÅZÅ@ÅZÅZÅZÅZÅ@ÅZÅZÅZÅZÅZÅZÅZÅZ</li>
		</ol>

		<h3>ëÊÇSè</h3>
		<ol>
			<li>ÅZÅZÅZÅZÅ@ÅZÅZÅZÅZÅ@ÅZÅZÅZÅZÅ@ÅZÅZÅZÅZÅZÅZÅZÅZ</li>
			<li>ÅZÅZÅZÅZÅ@ÅZÅZÅZÅZÅ@ÅZÅZÅZÅZÅ@ÅZÅZÅZÅZÅZÅZÅZÅZ</li>
			<li>ÅZÅZÅZÅZÅ@ÅZÅZÅZÅZÅ@ÅZÅZÅZÅZÅ@ÅZÅZÅZÅZÅZÅZÅZÅZ</li>
			<li>ÅZÅZÅZÅZÅ@ÅZÅZÅZÅZÅ@ÅZÅZÅZÅZÅ@ÅZÅZÅZÅZÅZÅZÅZÅZ</li>
		</ol>

		<h3>ëÊÇTè</h3>
		<ol>
			<li>ÅZÅZÅZÅZÅ@ÅZÅZÅZÅZÅ@ÅZÅZÅZÅZÅ@ÅZÅZÅZÅZÅZÅZÅZÅZ</li>
			<li>ÅZÅZÅZÅZÅ@ÅZÅZÅZÅZÅ@ÅZÅZÅZÅZÅ@ÅZÅZÅZÅZÅZÅZÅZÅZ</li>
			<li>ÅZÅZÅZÅZÅ@ÅZÅZÅZÅZÅ@ÅZÅZÅZÅZÅ@ÅZÅZÅZÅZÅZÅZÅZÅZ</li>
			<li>ÅZÅZÅZÅZÅ@ÅZÅZÅZÅZÅ@ÅZÅZÅZÅZÅ@ÅZÅZÅZÅZÅZÅZÅZÅZ</li>
		</ol>

		<h3>ëÊÇUè</h3>
		<ol>
			<li>ÅZÅZÅZÅZÅ@ÅZÅZÅZÅZÅ@ÅZÅZÅZÅZÅ@ÅZÅZÅZÅZÅZÅZÅZÅZ</li>
			<li>ÅZÅZÅZÅZÅ@ÅZÅZÅZÅZÅ@ÅZÅZÅZÅZÅ@ÅZÅZÅZÅZÅZÅZÅZÅZ</li>
			<li><p>ÅZÅZÅZÅZÅ@ÅZÅZÅZÅZÅ@ÅZÅZÅZÅZÅ@ÅZÅZÅZÅZÅZÅZÅZÅZ</p>
				<p>
					(1)ÅZÅZÅZÅZÅ@ÅZÅZÅZÅZÅ@ÅZÅZÅZÅZÅ@ÅZÅZÅZÅZÅZÅZÅZÅZ<br>
					(2)ÅZÅZÅZÅZÅ@ÅZÅZÅZÅZÅ@ÅZÅZÅZÅZÅ@ÅZÅZÅZÅZÅZÅZÅZÅZ<br>
					(3)ÅZÅZÅZÅZÅ@ÅZÅZÅZÅZÅ@ÅZÅZÅZÅZÅ@ÅZÅZÅZÅZÅZÅZÅZÅZ<br>
					(4)ÅZÅZÅZÅZÅ@ÅZÅZÅZÅZÅ@ÅZÅZÅZÅZÅ@ÅZÅZÅZÅZÅZÅZÅZÅZ<br>
					(5)ÅZÅZÅZÅZÅ@ÅZÅZÅZÅZÅ@ÅZÅZÅZÅZÅ@ÅZÅZÅZÅZÅZÅZÅZÅZ
				</p>
			</li>
			<li>ÅZÅZÅZÅZÅ@ÅZÅZÅZÅZÅ@ÅZÅZÅZÅZÅ@ÅZÅZÅZÅZÅZÅZÅZÅZ</li>
		</ol>

		<p>ÅZÅZÅZÅZÅ@ÅZÅZÅZÅZ</p>

	</div><!--page_text END-->
</div><!--main END-->

<!--äÓñ{ìIÇ…Ç±Ç±Ç‹Ç≈Çï“èW-->
</div><!--contents END-->

<!--# include foot #-->
",1,1529631297,,,
3,0,P00003,privacy,nobody/nUser/cUser,no,,,0,,"<!--# syscode setTitle ÉvÉâÉCÉoÉVÅ[É|ÉäÉVÅ[Åb (!--# code getData system ADMIN site_title #--) #-->
<!--# syscode setDescription ÉvÉâÉCÉoÉVÅ[É|ÉäÉVÅ[ #-->
<!--ÉwÉbÉ_Å[Çï\é¶-->
<!--# include head #-->
<div id=""contents"">
<div class=""contents_inline c1 clearfix"">
<div class=""contents_m"">
<!--äÓñ{ìIÇ…Ç±Ç±à»â∫Çï“èW-->

<h2>ÉvÉâÉCÉoÉVÅ[É|ÉäÉVÅ[</h2>
<div class=""main"">
	<div class=""page_text"">
		<p>ÅZÅZÅZÅZÅ@ÅZÅZÅZÅZÅ@ÅZÅZÅZÅZÅ@ÅZÅZÅZÅZÅZÅZÅZÅZÅ@ÅZÅZÅZÅZÅ@ÅZÅZÅZÅZÅ@ÅZÅZÅZÅZÅ@ÅZÅZÅZÅZÅ@ÅZÅZÅZÅZ</p>
		<h3>ÅZÅZÅZÅZ</h3>
		<p>ÅZÅZÅZÅZÅ@ÅZÅZÅZÅZÅ@ÅZÅZÅZÅZÅ@ÅZÅZÅZÅZÅZÅZÅZÅZÅ@ÅZÅZÅZÅZÅ@ÅZÅZÅZÅZÅ@ÅZÅZÅZÅZÅ@ÅZÅZÅZÅZÅ@ÅZÅZÅZÅZ</p>
		<ul>
			<li>ÅZÅZÅZÅZ</li>
			<li>ÅZÅZÅZÅZ</li>
			<li>ÅZÅZÅZÅZ</li>
			<li>ÅZÅZÅZÅZ</li>
		</ul>
		<p>ÅZÅZÅZÅZ</p>
	</div><!--page_text-->
</div><!--main END-->

<!--äÓñ{ìIÇ…Ç±Ç±Ç‹Ç≈Çï“èW-->
</div><!--contents_m END-->

</div><!--contents_inline END-->
</div><!--contents END-->

<!--# include foot #-->
",,"<!--# syscode setTitle ÉvÉâÉCÉoÉVÅ[É|ÉäÉVÅ[Åb (!--# code getData system ADMIN site_title #--) #-->
<!--# syscode setDescription ÉvÉâÉCÉoÉVÅ[É|ÉäÉVÅ[ #-->
<!--ÉwÉbÉ_Å[Çï\é¶-->
<!--# include head #-->
<div id=""contents"">
<!--äÓñ{ìIÇ…Ç±Ç±à»â∫Çï“èW-->

<h2>ÉvÉâÉCÉoÉVÅ[É|ÉäÉVÅ[</h2>
<div class=""main"">
	<div class=""page_text"">
		<p>ÅZÅZÅZÅZÅ@ÅZÅZÅZÅZÅ@ÅZÅZÅZÅZÅ@ÅZÅZÅZÅZÅZÅZÅZÅZÅ@ÅZÅZÅZÅZÅ@ÅZÅZÅZÅZÅ@ÅZÅZÅZÅZÅ@ÅZÅZÅZÅZÅ@ÅZÅZÅZÅZ</p>
		<h3>ÅZÅZÅZÅZ</h3>
		<p>ÅZÅZÅZÅZÅ@ÅZÅZÅZÅZÅ@ÅZÅZÅZÅZÅ@ÅZÅZÅZÅZÅZÅZÅZÅZÅ@ÅZÅZÅZÅZÅ@ÅZÅZÅZÅZÅ@ÅZÅZÅZÅZÅ@ÅZÅZÅZÅZÅ@ÅZÅZÅZÅZ</p>
		<ul>
			<li>ÅZÅZÅZÅZ</li>
			<li>ÅZÅZÅZÅZ</li>
			<li>ÅZÅZÅZÅZ</li>
			<li>ÅZÅZÅZÅZ</li>
		</ul>
		<p>ÅZÅZÅZÅZ</p>
	</div><!--page_text-->
</div><!--main END-->

<!--äÓñ{ìIÇ…Ç±Ç±Ç‹Ç≈Çï“èW-->
</div><!--contents END-->

<!--# include foot #-->
",1,1529631317,,,
4,0,P00004,recruiter,nobody/nUser/cUser,no,,,0,,"<!--# syscode setTitle çÃópÇ≤íSìñé“ólÇ÷Åb (!--# code getData system ADMIN site_title #--) #-->
<!--# syscode setDescription çÃópÇ≤íSìñé“ólÇ÷Å@Åu(!--# code getData system ADMIN site_title #--)ÅvÇ…ãÅêlèÓïÒÇåfç⁄ÇµÇ‹ÇπÇÒÇ©ÅH #-->
<!--ÉwÉbÉ_Å[Çï\é¶-->
<!--# include head #-->
<div id=""contents"">
<div class=""contents_inline c1 clearfix"">
<div class=""contents_m"">
<h2>çÃópÇ≤íSìñé“ólÇ÷</h2>
<div class=""main"">
	<div class=""page_text"">
		<p>ÅZÅZÅZÅZÅ@ÅZÅZÅZÅZÅ@ÅZÅZÅZÅZÅ@ÅZÅZÅZÅZÅZÅZÅZÅZÅ@ÅZÅZÅZÅZÅ@ÅZÅZÅZÅZÅ@ÅZÅZÅZÅZÅ@ÅZÅZÅZÅZÅ@ÅZÅZÅZÅZ</p>
		<h3>ÅZÅZÅZÅZ</h3>
		<p>ÅZÅZÅZÅZÅ@ÅZÅZÅZÅZÅ@ÅZÅZÅZÅZÅ@ÅZÅZÅZÅZÅZÅZÅZÅZÅ@ÅZÅZÅZÅZÅ@ÅZÅZÅZÅZÅ@ÅZÅZÅZÅZÅ@ÅZÅZÅZÅZÅ@ÅZÅZÅZÅZ</p>
		<ul>
			<li>ÅZÅZÅZÅZ</li>
			<li>ÅZÅZÅZÅZ</li>
			<li>ÅZÅZÅZÅZ</li>
			<li>ÅZÅZÅZÅZ</li>
		</ul>
		<h4>ÅZÅZÅZÅZ</h4>
		<ol>
			<li>ÅZÅZÅZÅZÅ@ÅZÅZÅZÅZÅ@ÅZÅZÅZÅZÅ@ÅZÅZÅZÅZÅZÅZÅZÅZ</li>
			<li>ÅZÅZÅZÅZÅ@ÅZÅZÅZÅZÅ@ÅZÅZÅZÅZÅ@ÅZÅZÅZÅZÅZÅZÅZÅZ</li>
			<li>ÅZÅZÅZÅZÅ@ÅZÅZÅZÅZÅ@ÅZÅZÅZÅZÅ@ÅZÅZÅZÅZÅZÅZÅZÅZ</li>
			<li>ÅZÅZÅZÅZÅ@ÅZÅZÅZÅZÅ@ÅZÅZÅZÅZÅ@ÅZÅZÅZÅZÅZÅZÅZÅZ</li>
		</ol>
		<p>ÅZÅZÅZÅZ</p>

		<h4>ÅZÅZÅZÅZ</h4>
		<p>ÅZÅZÅZÅZÅ@ÅZÅZÅZÅZÅ@ÅZÅZÅZÅZÅ@ÅZÅZÅZÅZÅZÅZÅZÅZÅ@ÅZÅZÅZÅZÅ@ÅZÅZÅZÅZÅ@ÅZÅZÅZÅZÅ@ÅZÅZÅZÅZÅ@ÅZÅZÅZÅZ</p>
		<p>ÅZÅZÅZÅZÅ@ÅZÅZÅZÅZÅ@ÅZÅZÅZÅZÅ@ÅZÅZÅZÅZÅZÅZÅZÅZÅ@ÅZÅZÅZÅZÅ@ÅZÅZÅZÅZÅ@ÅZÅZÅZÅZÅ@ÅZÅZÅZÅZÅ@ÅZÅZÅZÅZ</p>
		<ol>
			<li>ÅZÅZÅZÅZÅ@ÅZÅZÅZÅZÅ@ÅZÅZÅZÅZÅ@ÅZÅZÅZÅZÅZÅZÅZÅZ</li>
			<li>ÅZÅZÅZÅZÅ@ÅZÅZÅZÅZÅ@ÅZÅZÅZÅZÅ@ÅZÅZÅZÅZÅZÅZÅZÅZ</li>
			<li>ÅZÅZÅZÅZÅ@ÅZÅZÅZÅZÅ@ÅZÅZÅZÅZÅ@ÅZÅZÅZÅZÅZÅZÅZÅZ</li>
			<li>ÅZÅZÅZÅZÅ@ÅZÅZÅZÅZÅ@ÅZÅZÅZÅZÅ@ÅZÅZÅZÅZÅZÅZÅZÅZ</li>
		</ol>
		
		<h4>ÅZÅZÅZÅZ</h4>

		<div class=""qj-qanda"">
			<dl>
				<dt>ÅZÅZÅZÅZÅ@ÅZÅZÅZÅZÅ@ÅZÅZÅZÅZÅH</dt>
				<dd>
					ÅZÅZÅZÅZÅ@ÅZÅZÅZÅZÅ@ÅZÅZÅZÅZÅB<br>
					ÅZÅZÅZÅZÅ@ÅZÅZÅZÅZÅ@ÅZÅZÅZÅZÅB
				</dd>
				<dt>ÅZÅZÅZÅZÅ@ÅZÅZÅZÅZÅ@ÅZÅZÅZÅZÅH</dt>
				<dd>
					ÅZÅZÅZÅZÅ@ÅZÅZÅZÅZÅ@ÅZÅZÅZÅZÅB<br>
					ÅZÅZÅZÅZÅ@ÅZÅZÅZÅZÅ@ÅZÅZÅZÅZÅB
				</dd>
			</dl>
			<dl>
				<dt>ÅZÅZÅZÅZÅ@ÅZÅZÅZÅZÅ@ÅZÅZÅZÅZÅH</dt>
				<dd>
					ÅZÅZÅZÅZÅ@ÅZÅZÅZÅZÅ@ÅZÅZÅZÅZÅB<br>
					ÅZÅZÅZÅZÅ@ÅZÅZÅZÅZÅ@ÅZÅZÅZÅZÅB
				</dd>
			</dl>
		</div><!--qanda-->
		
		<div class=""info_table"">
			<table>
				<tr>
					<th style=""width:25%;"">âÔé–ñº</th>
					<td>ÅZÅZÅZÅZ</td>
				</tr>
				<tr>
					<th>èZèä</th>
					<td>ÅZÅZÅZÅZ</td>
				</tr>
				<tr>
					<th>ê›óß</th>
					<td>ÅZÅZÅZÅZ</td>
				</tr>
			</table>
		</div><!--info_table-->

		<div class=""info_table"">
			<table>
				<tr>
					<th style=""width:25%;"">Ç†Ç†Ç†Ç†</th>
					<th>Ç¢Ç¢Ç¢Ç¢</th>
					<th>Ç§Ç§Ç§Ç§</th>
					<th>Ç¶Ç¶Ç¶Ç¶</th>
				</tr>
				<tr>
					<td>ÅZÅZÅZÅZ</td>
					<td>ÅZÅZÅZÅZ</td>
					<td>ÅZÅZÅZÅZ</td>
					<td>ÅZÅZÅZÅZ</td>
				</tr>
				<tr>
					<td>ÅZÅZÅZÅZ</td>
					<td>ÅZÅZÅZÅZ</td>
					<td>ÅZÅZÅZÅZ</td>
					<td>ÅZÅZÅZÅZ</td>
				</tr>
				<tr>
					<td>ÅZÅZÅZÅZ</td>
					<td>ÅZÅZÅZÅZ</td>
					<td>ÅZÅZÅZÅZ</td>
					<td>ÅZÅZÅZÅZ</td>
				</tr>
			</table>
		</div><!--info_table-->

		<h3>ÅZÅZÅZÅZ</h3>
		<p>ÅZÅZÅZÅZÅ@ÅZÅZÅZÅZÅ@ÅZÅZÅZÅZÅ@ÅZÅZÅZÅZÅZÅZÅZÅZÅ@ÅZÅZÅZÅZÅ@ÅZÅZÅZÅZÅ@ÅZÅZÅZÅZÅ@ÅZÅZÅZÅZÅ@ÅZÅZÅZÅZ</p>
		<div class=""qj-pageBtn"">
			<a href=""index.php?app_controller=other&key=CheckValidityForm&type=cUser"">äÈã∆ìoò^ÉtÉHÅ[ÉÄÇ÷</a>
			<a href=""#"">ÅZÅZÅZÅZ</a>
		</div>

		<p>ÅZÅZÅZÅZÅ@ÅZÅZÅZÅZÅ@ÅZÅZÅZÅZÅ@ÅZÅZÅZÅZÅZÅZÅZÅZÅ@ÅZÅZÅZÅZÅ@ÅZÅZÅZÅZÅ@ÅZÅZÅZÅZÅ@ÅZÅZÅZÅZÅ@ÅZÅZÅZÅZ</p>

		<div class=""qj-pageBtn"">
			<a href=""index.php?app_controller=other&key=CheckValidityForm&type=cUser"">äÈã∆ìoò^ÉtÉHÅ[ÉÄÇ÷</a>
		</div>

		<ul>
			<li>ÅZÅZÅZÅZ</li>
			<li>ÅZÅZÅZÅZ</li>
			<li>ÅZÅZÅZÅZ</li>
			<li>ÅZÅZÅZÅZ</li>
		</ul>


	</div><!--page_text-->
</div><!--main END-->

<!--äÓñ{ìIÇ…Ç±Ç±Ç‹Ç≈Çï“èW-->
</div><!--contents_m END-->

</div><!--contents_inline END-->
</div><!--contents END-->

<!--# include foot #-->
",,"<!--# syscode setTitle çÃópÇ≤íSìñé“ólÇ÷Åb (!--# code getData system ADMIN site_title #--) #-->
<!--# syscode setDescription çÃópÇ≤íSìñé“ólÇ÷Å@Åu(!--# code getData system ADMIN site_title #--)ÅvÇ…ãÅêlèÓïÒÇåfç⁄ÇµÇ‹ÇπÇÒÇ©ÅH #-->
<!--ÉwÉbÉ_Å[Çï\é¶-->
<!--# include head #-->
<div id=""contents"">
<!--äÓñ{ìIÇ…Ç±Ç±à»â∫Çï“èW-->

<h2>çÃópÇ≤íSìñé“ólÇ÷</h2>
<div class=""main"">
	<div class=""page_text"">
		<p>ÅZÅZÅZÅZÅ@ÅZÅZÅZÅZÅ@ÅZÅZÅZÅZÅ@ÅZÅZÅZÅZÅZÅZÅZÅZÅ@ÅZÅZÅZÅZÅ@ÅZÅZÅZÅZÅ@ÅZÅZÅZÅZÅ@ÅZÅZÅZÅZÅ@ÅZÅZÅZÅZ</p>
		<h3>ÅZÅZÅZÅZ</h3>
		<p>ÅZÅZÅZÅZÅ@ÅZÅZÅZÅZÅ@ÅZÅZÅZÅZÅ@ÅZÅZÅZÅZÅZÅZÅZÅZÅ@ÅZÅZÅZÅZÅ@ÅZÅZÅZÅZÅ@ÅZÅZÅZÅZÅ@ÅZÅZÅZÅZÅ@ÅZÅZÅZÅZ</p>
		<ul>
			<li>ÅZÅZÅZÅZ</li>
			<li>ÅZÅZÅZÅZ</li>
			<li>ÅZÅZÅZÅZ</li>
			<li>ÅZÅZÅZÅZ</li>
		</ul>
		<h4>ÅZÅZÅZÅZ</h4>
		<ol>
			<li>ÅZÅZÅZÅZÅ@ÅZÅZÅZÅZÅ@ÅZÅZÅZÅZÅ@ÅZÅZÅZÅZÅZÅZÅZÅZ</li>
			<li>ÅZÅZÅZÅZÅ@ÅZÅZÅZÅZÅ@ÅZÅZÅZÅZÅ@ÅZÅZÅZÅZÅZÅZÅZÅZ</li>
			<li>ÅZÅZÅZÅZÅ@ÅZÅZÅZÅZÅ@ÅZÅZÅZÅZÅ@ÅZÅZÅZÅZÅZÅZÅZÅZ</li>
			<li>ÅZÅZÅZÅZÅ@ÅZÅZÅZÅZÅ@ÅZÅZÅZÅZÅ@ÅZÅZÅZÅZÅZÅZÅZÅZ</li>
		</ol>
		<p>ÅZÅZÅZÅZ</p>

		<h4>ÅZÅZÅZÅZ</h4>
		<p>ÅZÅZÅZÅZÅ@ÅZÅZÅZÅZÅ@ÅZÅZÅZÅZÅ@ÅZÅZÅZÅZÅZÅZÅZÅZÅ@ÅZÅZÅZÅZÅ@ÅZÅZÅZÅZÅ@ÅZÅZÅZÅZÅ@ÅZÅZÅZÅZÅ@ÅZÅZÅZÅZ</p>
		<p>ÅZÅZÅZÅZÅ@ÅZÅZÅZÅZÅ@ÅZÅZÅZÅZÅ@ÅZÅZÅZÅZÅZÅZÅZÅZÅ@ÅZÅZÅZÅZÅ@ÅZÅZÅZÅZÅ@ÅZÅZÅZÅZÅ@ÅZÅZÅZÅZÅ@ÅZÅZÅZÅZ</p>
		<ol>
			<li>ÅZÅZÅZÅZÅ@ÅZÅZÅZÅZÅ@ÅZÅZÅZÅZÅ@ÅZÅZÅZÅZÅZÅZÅZÅZ</li>
			<li>ÅZÅZÅZÅZÅ@ÅZÅZÅZÅZÅ@ÅZÅZÅZÅZÅ@ÅZÅZÅZÅZÅZÅZÅZÅZ</li>
			<li>ÅZÅZÅZÅZÅ@ÅZÅZÅZÅZÅ@ÅZÅZÅZÅZÅ@ÅZÅZÅZÅZÅZÅZÅZÅZ</li>
			<li>ÅZÅZÅZÅZÅ@ÅZÅZÅZÅZÅ@ÅZÅZÅZÅZÅ@ÅZÅZÅZÅZÅZÅZÅZÅZ</li>
		</ol>
		
		<h4>ÅZÅZÅZÅZ</h4>

		<div class=""qj-qanda"">
			<dl>
				<dt>ÅZÅZÅZÅZÅ@ÅZÅZÅZÅZÅ@ÅZÅZÅZÅZÅH</dt>
				<dd>
					ÅZÅZÅZÅZÅ@ÅZÅZÅZÅZÅ@ÅZÅZÅZÅZÅB<br>
					ÅZÅZÅZÅZÅ@ÅZÅZÅZÅZÅ@ÅZÅZÅZÅZÅB
				</dd>
				<dt>ÅZÅZÅZÅZÅ@ÅZÅZÅZÅZÅ@ÅZÅZÅZÅZÅH</dt>
				<dd>
					ÅZÅZÅZÅZÅ@ÅZÅZÅZÅZÅ@ÅZÅZÅZÅZÅB<br>
					ÅZÅZÅZÅZÅ@ÅZÅZÅZÅZÅ@ÅZÅZÅZÅZÅB
				</dd>
			</dl>
			<dl>
				<dt>ÅZÅZÅZÅZÅ@ÅZÅZÅZÅZÅ@ÅZÅZÅZÅZÅH</dt>
				<dd>
					ÅZÅZÅZÅZÅ@ÅZÅZÅZÅZÅ@ÅZÅZÅZÅZÅB<br>
					ÅZÅZÅZÅZÅ@ÅZÅZÅZÅZÅ@ÅZÅZÅZÅZÅB
				</dd>
			</dl>
		</div><!--qanda-->
		
		<div class=""info_table"">
			<table>
				<caption>Ç†Å@caption</caption>
				<tr>
					<th style=""width:25%;"">âÔé–ñº</th>
					<td>ÅZÅZÅZÅZ</td>
				</tr>
				<tr>
					<th>èZèä</th>
					<td>ÅZÅZÅZÅZ</td>
				</tr>
				<tr>
					<th>ê›óß</th>
					<td>ÅZÅZÅZÅZ</td>
				</tr>
			</table>
		</div><!--info_table-->

		<div class=""info_table"">
			<table>
				<tr>
					<th style=""width:25%;"">Ç†Ç†Ç†Ç†</th>
					<th>Ç¢Ç¢Ç¢Ç¢</th>
					<th>Ç§Ç§Ç§Ç§</th>
					<th>Ç¶Ç¶Ç¶Ç¶</th>
				</tr>
				<tr>
					<td>ÅZÅZÅZÅZ</td>
					<td>ÅZÅZÅZÅZ</td>
					<td>ÅZÅZÅZÅZ</td>
					<td>ÅZÅZÅZÅZ</td>
				</tr>
				<tr>
					<td>ÅZÅZÅZÅZ</td>
					<td>ÅZÅZÅZÅZ</td>
					<td>ÅZÅZÅZÅZ</td>
					<td>ÅZÅZÅZÅZ</td>
				</tr>
				<tr>
					<td>ÅZÅZÅZÅZ</td>
					<td>ÅZÅZÅZÅZ</td>
					<td>ÅZÅZÅZÅZ</td>
					<td>ÅZÅZÅZÅZ</td>
				</tr>
			</table>
		</div><!--info_table-->

		<h3>ÅZÅZÅZÅZ</h3>
		<p>ÅZÅZÅZÅZÅ@ÅZÅZÅZÅZÅ@ÅZÅZÅZÅZÅ@ÅZÅZÅZÅZÅZÅZÅZÅZÅ@ÅZÅZÅZÅZÅ@ÅZÅZÅZÅZÅ@ÅZÅZÅZÅZÅ@ÅZÅZÅZÅZÅ@ÅZÅZÅZÅZ</p>
		<div class=""qj-pageBtn"">
			<a href=""#"" onclick=""setSmartPhoneDispMode('pc')"">PCî≈ÇÃÉTÉCÉgÇ…êÿÇËë÷Ç¶</a>
		</div>

		<p>ÅZÅZÅZÅZÅ@ÅZÅZÅZÅZÅ@ÅZÅZÅZÅZÅ@ÅZÅZÅZÅZÅZÅZÅZÅZÅ@ÅZÅZÅZÅZÅ@ÅZÅZÅZÅZÅ@ÅZÅZÅZÅZÅ@ÅZÅZÅZÅZÅ@ÅZÅZÅZÅZ</p>

		<div class=""qj-pageBtn"">
			<a href=""#"" onclick=""setSmartPhoneDispMode('pc')"">PCî≈ÇÃÉTÉCÉgÇ…êÿÇËë÷Ç¶</a>
		</div>

		<ul>
			<li>ÅZÅZÅZÅZ</li>
			<li>ÅZÅZÅZÅZ</li>
			<li>ÅZÅZÅZÅZ</li>
			<li>ÅZÅZÅZÅZ</li>
		</ul>


	</div><!--page_text-->
</div><!--main END-->

<!--äÓñ{ìIÇ…Ç±Ç±Ç‹Ç≈Çï“èW-->
</div><!--contents END-->

<!--# include foot #-->
",1,1529631463,,,
5,0,P00005,qanda,nobody,no,,,0,,"<!--# syscode setTitle ÇÊÇ≠Ç†ÇÈÇ≤éøñ‚Åb (!--# code getData system ADMIN site_title #--) #-->
<!--# syscode setDescription Åu(!--# code getData system ADMIN site_title #--)ÅvÇ…äÒÇπÇÁÇÍÇÈÅAÇÊÇ≠Ç†ÇÈÇ≤éøñ‚Ç∆ÇªÇÃâÒìöÇ≈Ç∑ÅB #-->
<!--ÉwÉbÉ_Å[Çï\é¶-->
<!--# include head #-->
<div id=""contents"">
<div class=""contents_inline c1 clearfix"">
<div class=""contents_m"">
<!--äÓñ{ìIÇ…Ç±Ç±à»â∫Çï“èW-->

<h2>ÇÊÇ≠Ç†ÇÈÇ≤éøñ‚</h2>
<div class=""main"">
	<div class=""page_text"">
		<p>ÅZÅZÅZÅZÅ@ÅZÅZÅZÅZÅ@ÅZÅZÅZÅZÅ@ÅZÅZÅZÅZÅZÅZÅZÅZÅ@ÅZÅZÅZÅZÅ@ÅZÅZÅZÅZÅ@ÅZÅZÅZÅZÅ@ÅZÅZÅZÅZÅ@ÅZÅZÅZÅZ</p>

		<div class=""qj-qanda"">
			<dl>
				<dt>ÅZÅZÅZÅZÅ@ÅZÅZÅZÅZÅ@ÅZÅZÅZÅZÅH</dt>
				<dd>
					ÅZÅZÅZÅZÅ@ÅZÅZÅZÅZÅ@ÅZÅZÅZÅZÅB<br>
					ÅZÅZÅZÅZÅ@ÅZÅZÅZÅZÅ@ÅZÅZÅZÅZÅB
				</dd>
			</dl>
			<dl>
				<dt>ÅZÅZÅZÅZÅ@ÅZÅZÅZÅZÅ@ÅZÅZÅZÅZÅH</dt>
				<dd>
					ÅZÅZÅZÅZÅ@ÅZÅZÅZÅZÅ@ÅZÅZÅZÅZÅB<br>
					ÅZÅZÅZÅZÅ@ÅZÅZÅZÅZÅ@ÅZÅZÅZÅZÅB
				</dd>
			</dl>
			<dl>
				<dt>ÅZÅZÅZÅZÅ@ÅZÅZÅZÅZÅ@ÅZÅZÅZÅZÅH</dt>
				<dd>
					ÅZÅZÅZÅZÅ@ÅZÅZÅZÅZÅ@ÅZÅZÅZÅZÅB<br>
					ÅZÅZÅZÅZÅ@ÅZÅZÅZÅZÅ@ÅZÅZÅZÅZÅB
				</dd>
			</dl>
			<dl>
				<dt>ÅZÅZÅZÅZÅ@ÅZÅZÅZÅZÅ@ÅZÅZÅZÅZÅH</dt>
				<dd>
					ÅZÅZÅZÅZÅ@ÅZÅZÅZÅZÅ@ÅZÅZÅZÅZÅB<br>
					ÅZÅZÅZÅZÅ@ÅZÅZÅZÅZÅ@ÅZÅZÅZÅZÅB
				</dd>
			</dl>
			<dl>
				<dt>ÅZÅZÅZÅZÅ@ÅZÅZÅZÅZÅ@ÅZÅZÅZÅZÅH</dt>
				<dd>
					ÅZÅZÅZÅZÅ@ÅZÅZÅZÅZÅ@ÅZÅZÅZÅZÅB<br>
					ÅZÅZÅZÅZÅ@ÅZÅZÅZÅZÅ@ÅZÅZÅZÅZÅB
				</dd>
			</dl>
		</div><!--qanda-->

		<p>ÅZÅZÅZÅZ</p>
	</div><!--page_text-->
</div><!--main END-->

<!--äÓñ{ìIÇ…Ç±Ç±Ç‹Ç≈Çï“èW-->
</div><!--contents_m END-->

</div><!--contents_inline END-->
</div><!--contents END-->

<!--# include foot #-->
",,"<!--# syscode setTitle ÇÊÇ≠Ç†ÇÈÇ≤éøñ‚Åb (!--# code getData system ADMIN site_title #--) #-->
<!--# syscode setDescription Åu(!--# code getData system ADMIN site_title #--)ÅvÇ…äÒÇπÇÁÇÍÇÈÅAÇÊÇ≠Ç†ÇÈÇ≤éøñ‚Ç∆ÇªÇÃâÒìöÇ≈Ç∑ÅB #-->
<!--ÉwÉbÉ_Å[Çï\é¶-->
<!--# include head #-->
<div id=""contents"">
<!--äÓñ{ìIÇ…Ç±Ç±à»â∫Çï“èW-->

<h2>ÇÊÇ≠Ç†ÇÈÇ≤éøñ‚</h2>
<div class=""main"">
	<div class=""page_text"">
		<p>ÅZÅZÅZÅZÅ@ÅZÅZÅZÅZÅ@ÅZÅZÅZÅZÅ@ÅZÅZÅZÅZÅZÅZÅZÅZÅ@ÅZÅZÅZÅZÅ@ÅZÅZÅZÅZÅ@ÅZÅZÅZÅZÅ@ÅZÅZÅZÅZÅ@ÅZÅZÅZÅZ</p>

		<div class=""qj-qanda"">
			<dl>
				<dt>ÅZÅZÅZÅZÅ@ÅZÅZÅZÅZÅ@ÅZÅZÅZÅZÅH</dt>
				<dd>
					ÅZÅZÅZÅZÅ@ÅZÅZÅZÅZÅ@ÅZÅZÅZÅZÅB<br>
					ÅZÅZÅZÅZÅ@ÅZÅZÅZÅZÅ@ÅZÅZÅZÅZÅB
				</dd>
			</dl>
			<dl>
				<dt>ÅZÅZÅZÅZÅ@ÅZÅZÅZÅZÅ@ÅZÅZÅZÅZÅH</dt>
				<dd>
					ÅZÅZÅZÅZÅ@ÅZÅZÅZÅZÅ@ÅZÅZÅZÅZÅB<br>
					ÅZÅZÅZÅZÅ@ÅZÅZÅZÅZÅ@ÅZÅZÅZÅZÅB
				</dd>
			</dl>
			<dl>
				<dt>ÅZÅZÅZÅZÅ@ÅZÅZÅZÅZÅ@ÅZÅZÅZÅZÅH</dt>
				<dd>
					ÅZÅZÅZÅZÅ@ÅZÅZÅZÅZÅ@ÅZÅZÅZÅZÅB<br>
					ÅZÅZÅZÅZÅ@ÅZÅZÅZÅZÅ@ÅZÅZÅZÅZÅB
				</dd>
			</dl>
			<dl>
				<dt>ÅZÅZÅZÅZÅ@ÅZÅZÅZÅZÅ@ÅZÅZÅZÅZÅH</dt>
				<dd>
					ÅZÅZÅZÅZÅ@ÅZÅZÅZÅZÅ@ÅZÅZÅZÅZÅB<br>
					ÅZÅZÅZÅZÅ@ÅZÅZÅZÅZÅ@ÅZÅZÅZÅZÅB
				</dd>
			</dl>
			<dl>
				<dt>ÅZÅZÅZÅZÅ@ÅZÅZÅZÅZÅ@ÅZÅZÅZÅZÅH</dt>
				<dd>
					ÅZÅZÅZÅZÅ@ÅZÅZÅZÅZÅ@ÅZÅZÅZÅZÅB<br>
					ÅZÅZÅZÅZÅ@ÅZÅZÅZÅZÅ@ÅZÅZÅZÅZÅB
				</dd>
			</dl>
		</div><!--qanda-->

		<p>ÅZÅZÅZÅZ</p>
	</div><!--page_text-->
</div><!--main END-->

<!--äÓñ{ìIÇ…Ç±Ç±Ç‹Ç≈Çï“èW-->
</div><!--contents END-->

<!--# include foot #-->
",1,1529631769,,,
6,0,P00006,qanda,nUser,no,,,0,,"<!--# syscode setTitle ÇÊÇ≠Ç†ÇÈÇ≤éøñ‚Åb (!--# code getData system ADMIN site_title #--) #-->
<!--# syscode setDescription Åu(!--# code getData system ADMIN site_title #--)ÅvÇ…äÒÇπÇÁÇÍÇÈÅAÇÊÇ≠Ç†ÇÈÇ≤éøñ‚Ç∆ÇªÇÃâÒìöÇ≈Ç∑ÅB #-->
<!--ÉwÉbÉ_Å[Çï\é¶-->
<!--# include head #-->
<div id=""contents"">
<div class=""contents_inline c1 clearfix"">
<div class=""contents_m"">
<!--äÓñ{ìIÇ…Ç±Ç±à»â∫Çï“èW-->

<h2>ÇÊÇ≠Ç†ÇÈÇ≤éøñ‚</h2>
<div class=""main"">
	<div class=""page_text"">
		<p>ÅZÅZÅZÅZÅ@ÅZÅZÅZÅZÅ@ÅZÅZÅZÅZÅ@ÅZÅZÅZÅZÅZÅZÅZÅZÅ@ÅZÅZÅZÅZÅ@ÅZÅZÅZÅZÅ@ÅZÅZÅZÅZÅ@ÅZÅZÅZÅZÅ@ÅZÅZÅZÅZ</p>

		<div class=""qj-qanda"">
			<dl>
				<dt>ÅZÅZÅZÅZÅ@ÅZÅZÅZÅZÅ@ÅZÅZÅZÅZÅH</dt>
				<dd>
					ÅZÅZÅZÅZÅ@ÅZÅZÅZÅZÅ@ÅZÅZÅZÅZÅB<br>
					ÅZÅZÅZÅZÅ@ÅZÅZÅZÅZÅ@ÅZÅZÅZÅZÅB
				</dd>
			</dl>
			<dl>
				<dt>ÅZÅZÅZÅZÅ@ÅZÅZÅZÅZÅ@ÅZÅZÅZÅZÅH</dt>
				<dd>
					ÅZÅZÅZÅZÅ@ÅZÅZÅZÅZÅ@ÅZÅZÅZÅZÅB<br>
					ÅZÅZÅZÅZÅ@ÅZÅZÅZÅZÅ@ÅZÅZÅZÅZÅB
				</dd>
			</dl>
			<dl>
				<dt>ÅZÅZÅZÅZÅ@ÅZÅZÅZÅZÅ@ÅZÅZÅZÅZÅH</dt>
				<dd>
					ÅZÅZÅZÅZÅ@ÅZÅZÅZÅZÅ@ÅZÅZÅZÅZÅB<br>
					ÅZÅZÅZÅZÅ@ÅZÅZÅZÅZÅ@ÅZÅZÅZÅZÅB
				</dd>
			</dl>
			<dl>
				<dt>ÅZÅZÅZÅZÅ@ÅZÅZÅZÅZÅ@ÅZÅZÅZÅZÅH</dt>
				<dd>
					ÅZÅZÅZÅZÅ@ÅZÅZÅZÅZÅ@ÅZÅZÅZÅZÅB<br>
					ÅZÅZÅZÅZÅ@ÅZÅZÅZÅZÅ@ÅZÅZÅZÅZÅB
				</dd>
			</dl>
			<dl>
				<dt>ÅZÅZÅZÅZÅ@ÅZÅZÅZÅZÅ@ÅZÅZÅZÅZÅH</dt>
				<dd>
					ÅZÅZÅZÅZÅ@ÅZÅZÅZÅZÅ@ÅZÅZÅZÅZÅB<br>
					ÅZÅZÅZÅZÅ@ÅZÅZÅZÅZÅ@ÅZÅZÅZÅZÅB
				</dd>
			</dl>
		</div><!--qanda-->

		<p>ÅZÅZÅZÅZ</p>
	</div><!--page_text-->
</div><!--main END-->

<!--äÓñ{ìIÇ…Ç±Ç±Ç‹Ç≈Çï“èW-->
</div><!--contents_m END-->

</div><!--contents_inline END-->
</div><!--contents END-->

<!--# include foot #-->
",,"<!--# syscode setTitle ÇÊÇ≠Ç†ÇÈÇ≤éøñ‚Åb (!--# code getData system ADMIN site_title #--) #-->
<!--# syscode setDescription Åu(!--# code getData system ADMIN site_title #--)ÅvÇ…äÒÇπÇÁÇÍÇÈÅAÇÊÇ≠Ç†ÇÈÇ≤éøñ‚Ç∆ÇªÇÃâÒìöÇ≈Ç∑ÅB #-->
<!--ÉwÉbÉ_Å[Çï\é¶-->
<!--# include head #-->
<div id=""contents"">
<!--äÓñ{ìIÇ…Ç±Ç±à»â∫Çï“èW-->

<h2>ÇÊÇ≠Ç†ÇÈÇ≤éøñ‚</h2>
<div class=""main"">
	<div class=""page_text"">
		<p>ÅZÅZÅZÅZÅ@ÅZÅZÅZÅZÅ@ÅZÅZÅZÅZÅ@ÅZÅZÅZÅZÅZÅZÅZÅZÅ@ÅZÅZÅZÅZÅ@ÅZÅZÅZÅZÅ@ÅZÅZÅZÅZÅ@ÅZÅZÅZÅZÅ@ÅZÅZÅZÅZ</p>

		<div class=""qj-qanda"">
			<dl>
				<dt>ÅZÅZÅZÅZÅ@ÅZÅZÅZÅZÅ@ÅZÅZÅZÅZÅH</dt>
				<dd>
					ÅZÅZÅZÅZÅ@ÅZÅZÅZÅZÅ@ÅZÅZÅZÅZÅB<br>
					ÅZÅZÅZÅZÅ@ÅZÅZÅZÅZÅ@ÅZÅZÅZÅZÅB
				</dd>
			</dl>
			<dl>
				<dt>ÅZÅZÅZÅZÅ@ÅZÅZÅZÅZÅ@ÅZÅZÅZÅZÅH</dt>
				<dd>
					ÅZÅZÅZÅZÅ@ÅZÅZÅZÅZÅ@ÅZÅZÅZÅZÅB<br>
					ÅZÅZÅZÅZÅ@ÅZÅZÅZÅZÅ@ÅZÅZÅZÅZÅB
				</dd>
			</dl>
			<dl>
				<dt>ÅZÅZÅZÅZÅ@ÅZÅZÅZÅZÅ@ÅZÅZÅZÅZÅH</dt>
				<dd>
					ÅZÅZÅZÅZÅ@ÅZÅZÅZÅZÅ@ÅZÅZÅZÅZÅB<br>
					ÅZÅZÅZÅZÅ@ÅZÅZÅZÅZÅ@ÅZÅZÅZÅZÅB
				</dd>
			</dl>
			<dl>
				<dt>ÅZÅZÅZÅZÅ@ÅZÅZÅZÅZÅ@ÅZÅZÅZÅZÅH</dt>
				<dd>
					ÅZÅZÅZÅZÅ@ÅZÅZÅZÅZÅ@ÅZÅZÅZÅZÅB<br>
					ÅZÅZÅZÅZÅ@ÅZÅZÅZÅZÅ@ÅZÅZÅZÅZÅB
				</dd>
			</dl>
			<dl>
				<dt>ÅZÅZÅZÅZÅ@ÅZÅZÅZÅZÅ@ÅZÅZÅZÅZÅH</dt>
				<dd>
					ÅZÅZÅZÅZÅ@ÅZÅZÅZÅZÅ@ÅZÅZÅZÅZÅB<br>
					ÅZÅZÅZÅZÅ@ÅZÅZÅZÅZÅ@ÅZÅZÅZÅZÅB
				</dd>
			</dl>
		</div><!--qanda-->

		<p>ÅZÅZÅZÅZ</p>
	</div><!--page_text-->
</div><!--main END-->

<!--äÓñ{ìIÇ…Ç±Ç±Ç‹Ç≈Çï“èW-->
</div><!--contents END-->

<!--# include foot #-->
",1,1529640727,,,
7,0,P00007,qanda,cUser,no,,,0,,"<!--# syscode setTitle ÇÊÇ≠Ç†ÇÈÇ≤éøñ‚Åb (!--# code getData system ADMIN site_title #--) #-->
<!--# syscode setDescription Åu(!--# code getData system ADMIN site_title #--)ÅvÇ…äÒÇπÇÁÇÍÇÈÅAÇÊÇ≠Ç†ÇÈÇ≤éøñ‚Ç∆ÇªÇÃâÒìöÇ≈Ç∑ÅB #-->
<!--ÉwÉbÉ_Å[Çï\é¶-->
<!--# include head #-->
<div id=""contents"">
<div class=""contents_inline c1 clearfix"">
<div class=""contents_m"">
<!--äÓñ{ìIÇ…Ç±Ç±à»â∫Çï“èW-->

<h2>ÇÊÇ≠Ç†ÇÈÇ≤éøñ‚</h2>
<div class=""main"">
	<div class=""page_text"">
		<p>ÅZÅZÅZÅZÅ@ÅZÅZÅZÅZÅ@ÅZÅZÅZÅZÅ@ÅZÅZÅZÅZÅZÅZÅZÅZÅ@ÅZÅZÅZÅZÅ@ÅZÅZÅZÅZÅ@ÅZÅZÅZÅZÅ@ÅZÅZÅZÅZÅ@ÅZÅZÅZÅZ</p>

		<div class=""qj-qanda"">
			<dl>
				<dt>ÅZÅZÅZÅZÅ@ÅZÅZÅZÅZÅ@ÅZÅZÅZÅZÅH</dt>
				<dd>
					ÅZÅZÅZÅZÅ@ÅZÅZÅZÅZÅ@ÅZÅZÅZÅZÅB<br>
					ÅZÅZÅZÅZÅ@ÅZÅZÅZÅZÅ@ÅZÅZÅZÅZÅB
				</dd>
			</dl>
			<dl>
				<dt>ÅZÅZÅZÅZÅ@ÅZÅZÅZÅZÅ@ÅZÅZÅZÅZÅH</dt>
				<dd>
					ÅZÅZÅZÅZÅ@ÅZÅZÅZÅZÅ@ÅZÅZÅZÅZÅB<br>
					ÅZÅZÅZÅZÅ@ÅZÅZÅZÅZÅ@ÅZÅZÅZÅZÅB
				</dd>
			</dl>
			<dl>
				<dt>ÅZÅZÅZÅZÅ@ÅZÅZÅZÅZÅ@ÅZÅZÅZÅZÅH</dt>
				<dd>
					ÅZÅZÅZÅZÅ@ÅZÅZÅZÅZÅ@ÅZÅZÅZÅZÅB<br>
					ÅZÅZÅZÅZÅ@ÅZÅZÅZÅZÅ@ÅZÅZÅZÅZÅB
				</dd>
			</dl>
			<dl>
				<dt>ÅZÅZÅZÅZÅ@ÅZÅZÅZÅZÅ@ÅZÅZÅZÅZÅH</dt>
				<dd>
					ÅZÅZÅZÅZÅ@ÅZÅZÅZÅZÅ@ÅZÅZÅZÅZÅB<br>
					ÅZÅZÅZÅZÅ@ÅZÅZÅZÅZÅ@ÅZÅZÅZÅZÅB
				</dd>
			</dl>
			<dl>
				<dt>ÅZÅZÅZÅZÅ@ÅZÅZÅZÅZÅ@ÅZÅZÅZÅZÅH</dt>
				<dd>
					ÅZÅZÅZÅZÅ@ÅZÅZÅZÅZÅ@ÅZÅZÅZÅZÅB<br>
					ÅZÅZÅZÅZÅ@ÅZÅZÅZÅZÅ@ÅZÅZÅZÅZÅB
				</dd>
			</dl>
		</div><!--qanda-->

		<p>ÅZÅZÅZÅZ</p>
	</div><!--page_text-->
</div><!--main END-->

<!--äÓñ{ìIÇ…Ç±Ç±Ç‹Ç≈Çï“èW-->
</div><!--contents_m END-->

</div><!--contents_inline END-->
</div><!--contents END-->

<!--# include foot #-->
",,"<!--# syscode setTitle ÇÊÇ≠Ç†ÇÈÇ≤éøñ‚Åb (!--# code getData system ADMIN site_title #--) #-->
<!--# syscode setDescription Åu(!--# code getData system ADMIN site_title #--)ÅvÇ…äÒÇπÇÁÇÍÇÈÅAÇÊÇ≠Ç†ÇÈÇ≤éøñ‚Ç∆ÇªÇÃâÒìöÇ≈Ç∑ÅB #-->
<!--ÉwÉbÉ_Å[Çï\é¶-->
<!--# include head #-->
<div id=""contents"">
<!--äÓñ{ìIÇ…Ç±Ç±à»â∫Çï“èW-->

<h2>ÇÊÇ≠Ç†ÇÈÇ≤éøñ‚</h2>
<div class=""main"">
	<div class=""page_text"">
		<p>ÅZÅZÅZÅZÅ@ÅZÅZÅZÅZÅ@ÅZÅZÅZÅZÅ@ÅZÅZÅZÅZÅZÅZÅZÅZÅ@ÅZÅZÅZÅZÅ@ÅZÅZÅZÅZÅ@ÅZÅZÅZÅZÅ@ÅZÅZÅZÅZÅ@ÅZÅZÅZÅZ</p>

		<div class=""qj-qanda"">
			<dl>
				<dt>ÅZÅZÅZÅZÅ@ÅZÅZÅZÅZÅ@ÅZÅZÅZÅZÅH</dt>
				<dd>
					ÅZÅZÅZÅZÅ@ÅZÅZÅZÅZÅ@ÅZÅZÅZÅZÅB<br>
					ÅZÅZÅZÅZÅ@ÅZÅZÅZÅZÅ@ÅZÅZÅZÅZÅB
				</dd>
			</dl>
			<dl>
				<dt>ÅZÅZÅZÅZÅ@ÅZÅZÅZÅZÅ@ÅZÅZÅZÅZÅH</dt>
				<dd>
					ÅZÅZÅZÅZÅ@ÅZÅZÅZÅZÅ@ÅZÅZÅZÅZÅB<br>
					ÅZÅZÅZÅZÅ@ÅZÅZÅZÅZÅ@ÅZÅZÅZÅZÅB
				</dd>
			</dl>
			<dl>
				<dt>ÅZÅZÅZÅZÅ@ÅZÅZÅZÅZÅ@ÅZÅZÅZÅZÅH</dt>
				<dd>
					ÅZÅZÅZÅZÅ@ÅZÅZÅZÅZÅ@ÅZÅZÅZÅZÅB<br>
					ÅZÅZÅZÅZÅ@ÅZÅZÅZÅZÅ@ÅZÅZÅZÅZÅB
				</dd>
			</dl>
			<dl>
				<dt>ÅZÅZÅZÅZÅ@ÅZÅZÅZÅZÅ@ÅZÅZÅZÅZÅH</dt>
				<dd>
					ÅZÅZÅZÅZÅ@ÅZÅZÅZÅZÅ@ÅZÅZÅZÅZÅB<br>
					ÅZÅZÅZÅZÅ@ÅZÅZÅZÅZÅ@ÅZÅZÅZÅZÅB
				</dd>
			</dl>
			<dl>
				<dt>ÅZÅZÅZÅZÅ@ÅZÅZÅZÅZÅ@ÅZÅZÅZÅZÅH</dt>
				<dd>
					ÅZÅZÅZÅZÅ@ÅZÅZÅZÅZÅ@ÅZÅZÅZÅZÅB<br>
					ÅZÅZÅZÅZÅ@ÅZÅZÅZÅZÅ@ÅZÅZÅZÅZÅB
				</dd>
			</dl>
		</div><!--qanda-->

		<p>ÅZÅZÅZÅZ</p>
	</div><!--page_text-->
</div><!--main END-->

<!--äÓñ{ìIÇ…Ç±Ç±Ç‹Ç≈Çï“èW-->
</div><!--contents END-->

<!--# include foot #-->
",1,1529640753,,,
